{
	"info": {
		"_postman_id": "fae0020e-a673-45f4-86f3-29185add4605",
		"name": "BudgetTracker",
		"schema": "https://schema.getpostman.com/json/collection/v2.1.0/collection.json"
	},
	"item": [
		{
			"name": "Login",
			"event": [
				{
					"listen": "prerequest",
					"script": {
						"exec": [
							""
						],
						"type": "text/javascript"
					}
				},
				{
					"listen": "test",
					"script": {
						"exec": [
							"var jsonData = JSON.parse(responseBody);\r",
							"pm.environment.set('jwtToken', jsonData.authToken);\r",
							""
						],
						"type": "text/javascript"
					}
				}
			],
			"request": {
				"method": "POST",
				"header": [],
				"body": {
					"mode": "raw",
					"raw": "{\r\n  \"email\": \"\",\r\n  \"password\":\"\"\r\n}",
					"options": {
						"raw": {
							"language": "json"
						}
					}
				},
				"url": {
					"raw": "{{url}}/auth/login",
					"host": [
						"{{url}}"
					],
					"path": [
						"auth",
						"login"
					]
				}
			},
			"response": []
		},
		{
			"name": "VerifyAuth",
			"protocolProfileBehavior": {
				"disableBodyPruning": true
			},
			"request": {
				"auth": {
					"type": "bearer",
					"bearer": [
						{
							"key": "token",
							"value": "{{jwtToken}}",
							"type": "string"
						}
					]
				},
				"method": "GET",
				"header": [],
				"body": {
					"mode": "raw",
					"raw": "",
					"options": {
						"raw": {
							"language": "json"
						}
					}
				},
				"url": {
					"raw": "{{url}}/auth/verify",
					"host": [
						"{{url}}"
					],
					"path": [
						"auth",
						"verify"
					]
				}
			},
			"response": []
		},
		{
			"name": "IncomeGet",
			"protocolProfileBehavior": {
				"disableBodyPruning": true
			},
			"request": {
				"auth": {
					"type": "bearer",
					"bearer": [
						{
							"key": "token",
							"value": "{{jwtToken}}",
							"type": "string"
						}
					]
				},
				"method": "GET",
				"header": [],
				"body": {
					"mode": "raw",
					"raw": "{\r\n  \"email\": \"\",\r\n  \"password\":\"\"\r\n}",
					"options": {
						"raw": {
							"language": "json"
						}
					}
				},
				"url": {
					"raw": "{{url}}/income",
					"host": [
						"{{url}}"
					],
					"path": [
						"income"
					]
				}
			},
			"response": []
		},
		{
			"name": "IncomeCreate",
			"request": {
				"auth": {
					"type": "bearer",
					"bearer": [
						{
							"key": "token",
							"value": "{{jwtToken}}",
							"type": "string"
						}
					]
				},
				"method": "POST",
				"header": [],
				"body": {
					"mode": "raw",
					"raw": "{ \"category\": \"stocks\", \"amount\":\"1000\", \"date\": \"2023-05-29T00:00:00.000+00:00\", \"currency\": \"EUR\", \"description\": \"postman\" }",
					"options": {
						"raw": {
							"language": "json"
						}
					}
				},
				"url": {
					"raw": "{{url}}/income",
					"host": [
						"{{url}}"
					],
					"path": [
						"income"
					]
				}
			},
			"response": []
		},
		{
			"name": "IncomeUpdate",
			"request": {
				"auth": {
					"type": "bearer",
					"bearer": [
						{
							"key": "token",
							"value": "{{jwtToken}}",
							"type": "string"
						}
					]
				},
				"method": "PUT",
				"header": [],
				"body": {
					"mode": "raw",
					"raw": "{ \"category\": \"stocks\", \"amount\":\"1020\", \"date\": \"2023-05-29T00:00:00.000+00:00\", \"currency\": \"EUR\", \"description\": \"postman\" }",
					"options": {
						"raw": {
							"language": "json"
						}
					}
				},
				"url": {
					"raw": "{{url}}/income/6474a20f3b113b1b4e90cedb",
					"host": [
						"{{url}}"
					],
					"path": [
						"income",
						"6474a20f3b113b1b4e90cedb"
					]
				}
			},
			"response": []
		},
		{
			"name": "Signup",
			"request": {
				"method": "POST",
				"header": [],
				"body": {
					"mode": "raw",
					"raw": "{\r\n  \"email\": \"\",\r\n  \"password\":\"\",\r\n  \"name\":\"Jason2 json\"\r\n}",
					"options": {
						"raw": {
							"language": "json"
						}
					}
				},
				"url": {
					"raw": "{{url}}/auth/signup",
					"host": [
						"{{url}}"
					],
					"path": [
						"auth",
						"signup"
					]
				}
			},
			"response": []
		},
		{
			"name": "ExpenseGet",
			"request": {
				"auth": {
					"type": "bearer",
					"bearer": [
						{
							"key": "token",
							"value": "{{jwtToken}}",
							"type": "string"
						}
					]
				},
				"method": "GET",
				"header": [],
				"url": {
					"raw": "{{url}}/expense",
					"host": [
						"{{url}}"
					],
					"path": [
						"expense"
					]
				}
			},
			"response": []
		},
		{
			"name": "ProfileGet",
			"request": {
				"auth": {
					"type": "bearer",
					"bearer": [
						{
							"key": "token",
							"value": "{{jwtToken}}",
							"type": "string"
						}
					]
				},
				"method": "GET",
				"header": [],
				"url": {
					"raw": "{{url}}/profile",
					"host": [
						"{{url}}"
					],
					"path": [
						"profile"
					]
				}
			},
			"response": []
		},
		{
			"name": "ProfileUpdate",
			"event": [
				{
					"listen": "test",
					"script": {
						"exec": [
							""
						],
						"type": "text/javascript"
					}
				}
			],
			"request": {
				"auth": {
					"type": "bearer",
					"bearer": [
						{
							"key": "token",
							"value": "{{jwtToken}}",
							"type": "string"
						}
					]
				},
				"method": "PUT",
				"header": [],
				"body": {
					"mode": "raw",
					"raw": "{\r\n  \"name\" : \"\" ,\r\n  \"email\": \"\"\r\n  \r\n}",
					"options": {
						"raw": {
							"language": "json"
						}
					}
				},
				"url": {
					"raw": "{{url}}/profile",
					"host": [
						"{{url}}"
					],
					"path": [
						"profile"
					]
				}
			},
			"response": []
		}
	]
}